N,Sequential,OpenMP,MPI,CUDA
100,0.000001801,0.000016760,0.000028837,0.000011457
500,0.000079225,0.000029244,0.000092085,0.000033856
1000,0.000346468,0.000075794,0.000434214,0.000074018
2000,0.001799845,0.000177831,0.003129297,0.000202907
3000,0.004564131,0.001051372,0.008094179,0.000349864
5000,0.012984266,0.004153795,0.022893257,0.001157243
